Temperature,Rainfall,Area,Price
27.483570765056164,141.98066309758008,432.48217250256187,123.75434323354057
24.308678494144075,127.73901048738307,485.54813292844824,138.98181887118162
28.23844269050346,101.78891109760522,420.75800790000386,124.67144092031764
32.61514928204013,80.59189666883279,469.20384703609596,153.20278962229102
23.829233126383322,120.9466994084077,310.63853330462143,115.89186429197584
23.8293152152541,111.80456156265248,521.3293707372939,136.36708453288264
32.896064077536955,126.85579660083197,500.12054753622243,159.38924342043893
28.837173645764544,119.05515405045908,418.2911368931809,118.32032052727253
22.65262807032524,131.48658145958007,565.9245668432405,174.78411238055548
27.712800217929825,83.94294365318297,593.7570137626558,153.07943943927216
22.682911535937688,139.52182196902976,339.2440135631026,120.11044318390658
22.671351232148716,105.92798814077199,423.72752214337856,141.11754296240358
26.20981135783017,162.25782617875797,423.08576502127016,133.527770850954
15.43359877671101,79.32436545731296,406.00968988911353,98.74486515224218
16.375410837434835,152.0789140949575,582.9474841931749,164.56488322237962
22.188562353795135,105.93732350387944,480.61738612271967,149.38274396279851
19.93584439832788,80.45745989156654,473.5485158689389,113.62140258565326
26.571236662976368,85.48342497837035,299.61376355932464,70.53184255575853
20.459879622393945,90.3895807541704,563.5418030209227,145.54358605754263
17.938481493323543,112.7249783920575,376.07416051465276,123.51897436631879
32.32824384460777,115.68506464106498,505.9932630266328,164.07091141733824
23.871118497567323,82.78899988184263,527.7376937958192,137.6881843516463
25.33764102343962,99.26936223217051,636.0658595838651,165.54853502698396
17.87625906893272,164.2681107583559,369.1179600880888,143.58116212214838
22.278086377374088,151.82629510302132,198.0487844179175,77.59927160622274
25.55461294854933,113.08971009022096,518.3849544753695,146.49600264458476
19.245032112888488,101.14010434504601,680.0511181510853,177.87900988942567
26.87849009172836,103.60093980154784,623.8946352939438,173.79064125796765
21.996806550405974,118.4055391819125,520.9659415274626,145.61518640336044
23.541531251033618,69.31622304404783,450.83638143679525,123.07731894314863
21.991466938853016,92.27870387729965,580.7122596637311,129.9385230312327
34.26139092254469,49.94247778367232,402.64538002955317,106.06003067894619
24.93251387631033,111.97669367815838,547.635776935622,160.12150755427174
19.711445355220498,119.41587819108223,550.5470159166626,145.96694897572067
29.112724560515943,85.50440613101878,606.0209907498879,162.00172448543717
18.895781750144888,147.219602898701,775.9660038911078,213.2756975309313
26.044317975023777,63.227030109929764,539.2415967178767,136.4130953554885
15.201649380601122,56.068753593705395,449.1036374292501,115.94681596422791
18.359069755507846,106.73355455679916,497.44256878080057,131.06078934810768
25.984306179345616,131.41294907836465,323.09240951108814,114.96840691843936
28.692332899977053,150.51783074373606,430.5286868910942,151.70941474722042
25.85684140594985,86.2334721139318,459.0717561886896,132.18254318457673
24.421758588058797,132.36042500293888,447.59116020654074,135.57192614057988
23.494481522053555,98.84474591497879,515.2354872033721,146.68992601910276
17.607390048162863,94.82118100177541,417.75800676177994,127.94774858333622
21.400778958026457,126.50979812460017,612.1030667324471,150.57452947710794
22.696806145201062,119.56968635240258,500.02070649181974,158.8141909262442
30.285611131094576,52.708235290472516,499.06996788613856,127.40672234310605
26.71809144784231,144.2962104917769,467.21052834870824,154.34491387359816
16.18479922318633,141.40274062442353,515.5190683858979,165.58950471255207
26.620419846973974,81.23311895471412,582.5098264667635,140.46537393094926
23.074588597918417,111.87410600312228,413.28697842890995,120.66251176140243
21.615389998470206,114.82090558848216,434.18835109247436,129.2061499355176
28.05838144420434,107.82021297471721,469.62739712233355,132.46319882773977
30.154997612479754,83.4908453846374,365.41290765267854,130.5566997105349
29.656400595580994,79.85129896185845,418.0742140278502,113.83071185365016
20.803912383886807,99.23337787025665,452.3779126455341,125.09208428725856
23.453938120743928,135.18187057778096,587.4389180712727,171.81320416399058
26.65631715701782,116.30800463783297,526.2561329001925,141.4502912891364
29.877725635611796,88.88157003741682,519.3589911367544,141.51832493881918
22.60412881077355,123.15096131945035,585.0897962167973,168.43984465708309
24.071705116680914,14.54372138109774,486.26282116006035,110.32292916085675
19.46832512996986,134.46297101116312,539.046484992889,156.94848227791218
19.018966879596647,47.80858663665701,489.67782470675036,116.49430324766179
29.062629111970992,89.12677175790603,526.5362349399628,131.43188997954218
31.781200142854114,66.40990316121568,441.72413423884177,127.37432998095251
24.63994939209833,61.15955572837283,256.1182841723571,99.44082896550485
30.01766448946012,134.82480362135558,486.5720837813696,152.95470639524504
26.80818012523817,85.96896396064326,642.274813609994,169.9023831452864
21.77440122697438,110.39511645192147,592.6215402241593,169.45727114506406
26.80697802754207,98.59238263362448,596.539748459117,149.5958485302148
32.690182832329846,114.31122481669364,623.6130721806218,192.3862198785934
24.820869804450243,102.30465673180765,508.86575909614373,146.8982717052242
32.82321827907003,61.51023327434291,519.7315707405595,155.12956226084088
11.901274479551278,129.88800458341422,438.234810456565,125.23367075087303
29.10951252187612,85.18730250516063,468.39271439729504,151.97010911752352
25.435235341190857,53.30254304020747,561.5771149771142,148.77535851842833
23.504963247670663,87.15654517102263,620.3884437168816,167.50753477704205
25.45880388267751,145.02279371902932,486.0553724319,155.78755908695905
15.062155426995536,125.50665226340479,454.98107351485885,133.69400191474648
23.90164056081244,89.54043596776422,500.05279588565975,150.82882683260615
26.78556285755873,89.52226887044714,560.1206748929114,153.67719576697627
32.38947022370758,90.35094846347852,355.61451838664584,94.75222629235499
22.40864890863176,162.30243950682524,270.3819046862762,102.79957262654865
20.95753198553406,111.4580635669466,444.94631505084163,131.04699055109185
22.491214782077318,112.90124941573208,377.92875740858415,123.80172352913065
29.57701058851037,130.90850362095526,449.1859802352689,143.33236753859657
26.643755548298422,107.16367477079541,485.22196811825285,154.70508172697507
22.351198981164806,92.2287356253789,454.67515909769867,110.26823335734957
27.56633716556678,94.10950452745065,645.2467534470745,172.5012499954851
25.4853877467402,97.85196221757808,532.674476460232,130.4533855768184
29.843224952664446,98.88333290470476,530.0474359610828,158.19322249480192
21.489734530613237,121.8288863091094,562.2207144043402,158.79308889448745
23.361689267011158,101.55837657421898,386.1166882219231,123.56779497039709
23.039459234339212,121.97920231646738,603.9111787420269,160.25689645461753
17.682425259339407,97.57850259674252,492.423571346454,149.39412699456076
26.48060138532288,102.35905570948272,567.0480617241212,167.77487639091902
26.305276360899448,40.05397946403677,392.81427669598446,109.56713038897654
25.025567283212304,127.48983024107444,344.6241233983936,118.3893849249728
23.827064333124266,110.39465427693978,581.7889658025028,167.18829446309596
17.92314628974793,129.94030329578956,537.6409526097517,148.40292897568767
22.896773386173205,13.112338654189315,409.79484456424893,105.89661379240032
23.286427417366152,162.65124114342183,413.03369187253054,159.54013336945494
20.988613653891903,95.81231115534479,612.543478441477,172.45280146163665
24.193571441669953,133.2454845021255,381.05881071326723,120.986168516052
27.020254284072692,68.80282218623407,664.2672953255964,170.61860603575687
34.43092950605265,118.38321715187709,409.93792653521314,121.78659976804559
25.872889064159196,68.39753310479031,563.8391925608383,151.94744608744114
26.28775195361382,81.28693117912584,467.13815242510157,135.46361994419038
24.627770421169163,157.42094061600358,560.3187431082343,152.9057526217109
15.406143923504793,94.2795279770996,445.5885997885807,113.48681187347478
24.867430622753915,106.52298619539168,483.7207093927706,138.3033640811109
25.301151049705133,126.10203192066263,504.09191753957214,148.29097113755753
37.316210562426434,114.87045663917814,399.78125442185274,120.98072380314915
24.038195176094387,104.51256715430729,574.0824345420126,162.07914193626374
26.507736711668063,110.94883007398676,448.6786433528415,138.7889821380035
24.826441151473784,172.10246755714826,477.14000846599816,157.5292712162958
19.15660981190234,98.27143608899244,400.56506253914876,111.61483323889503
30.714114072575104,106.03297140144903,243.76663412046895,106.40734654498168
28.759665163433873,131.51963188022836,480.8972237399831,166.56923802466503
28.955159735215233,133.1657779887395,741.2615421612916,197.84400685802242
20.453062726026303,135.6109091668114,578.4604287898023,160.48022069946884
32.013971554680495,119.16190666087553,498.07396202656054,156.28242683503498
17.990744686038596,65.70985261808549,473.7109170791732,119.87021774680973
27.934285469001352,149.00294596903288,502.24658928120465,157.72337237481912
35.952278129049894,65.60963820943937,554.711911517521,155.9979443481077
20.04731837434656,109.079063957171,381.9187184691155,100.03756119307475
22.16851135198614,77.37172449941926,611.4321694668872,169.765230167723
25.498256825438204,98.07584960221023,571.5381315441244,157.2063148455005
22.482621729419005,109.86287230910442,571.8185725707934,154.4489556259777
17.246682844669337,109.6407164635082,543.8475738809727,149.39272959536717
25.342814874030136,112.65762262705854,501.96166576939896,146.4853209292176
19.688481431369475,148.41133807175942,567.286123596682,150.51285382209971
27.36796215317591,113.60602904541939,559.1814133741378,174.5514547395737
20.402878828830985,92.67530094128054,464.5959289058976,131.33647180068536
32.7496720250877,128.92261504865073,442.6398227103099,148.00960637367479
21.083733538318814,135.6841146677392,510.1856295261987,162.79972478046133
23.38969241897162,63.171765545890224,654.9020151495188,151.41515432755364
29.067586086848348,117.92200209549574,376.0892924346099,129.86297114934717
18.845678417830225,121.03518226932695,353.247473424756,113.70647766567646
26.137299673020646,91.07309489920024,516.4760841236516,152.15350288316566
31.53571377141214,141.2712043993486,505.0887701856018,137.89469803911607
16.96258382719386,95.4983323890242,517.3341664370408,139.6066819152997
25.92316929266152,103.76729360414626,524.3953197908501,142.94263012790503
26.299413971242117,94.80784527148391,477.6797745365195,141.45064498071167
28.90911435888655,100.46737142744402,648.9863438602082,179.09247925340014
18.81524644560959,67.11174739314394,339.90960215234844,90.4468089229974
18.397716934578618,56.79847352217117,417.1502975219754,102.54672138657531
27.60970782808449,147.83515189674915,489.6745239850953,154.98365059451277
26.48492336616593,74.59115955045016,335.68111888458327,93.78961105198259
26.252464251729382,70.25822951631079,482.4145595567929,139.10644984663776
26.732241047484877,35.39829659188855,666.1470165728018,153.5229408113949
21.599876392107547,80.83114756931494,502.0886488295962,106.39713003955109
26.161268485805017,60.30730619777505,523.0700905718684,132.03862365039063
26.465362366493405,149.26045480409107,373.983523482742,122.4220841125827
21.42824290986816,130.294512680279,438.36385919605226,121.16248894361878
34.328872555723784,79.35548964466828,462.4803619676063,121.09288918255791
27.36916460455894,167.57307416032927,468.2284903243766,158.69628733358329
19.043482513986756,129.45296460974782,628.1643795003769,187.27691482247542
28.28276804316915,90.25505849474132,555.7691060725125,155.50356752315926
20.126591648863393,25.01782855379281,388.8542043062968,89.27445136967151
28.93542301871226,168.72827717772225,524.6504778432005,174.57533218301995
30.79297789503702,58.31282599709212,549.8221748496785,138.26386861439195
20.89658840824145,50.63803759129325,614.0149038521266,141.4966825603026
29.81688064622161,130.6771129602892,658.0540686568373,174.1787612602352
27.06390463468249,173.19257219017817,398.49058081721313,127.66955207032014
29.11030079997245,141.52818455531553,418.9142488789662,136.89721847677967
34.48396491326974,116.91727360157078,374.2422141085384,128.7461422580151
23.773059419985646,117.84263024995857,476.59801408930184,141.59268490269187
21.23131917821255,125.60246676340924,546.6358374446335,153.46389782758217
20.552427851872384,122.76785769360296,598.7334516589102,157.39580095883133
20.920948575172808,108.43574271908128,492.4048976357477,147.55463854731002
24.614491452929478,103.12603311855628,468.0152476745156,123.6767859974689
26.70575987408322,98.12220616301433,515.175799224874,153.58498076935547
26.383453996650097,77.38106233399971,416.48570983699767,109.68101747665726
29.13591624518012,91.57974769399678,708.9538721694773,176.30830449115422
25.065009459389536,49.21129557413843,339.23389728819416,80.47482095341836
32.26767038578659,97.0498111961575,518.4740578895725,143.92956866079868
23.67671583381022,70.34226678547248,702.3606219229639,183.1662869219194
38.600845832948096,66.89232048352687,500.6799844559998,144.66039683717165
28.12833673882503,105.39682453460435,480.9960964998505,151.6666561500443
20.714212217918586,141.760068590338,464.2554577189573,150.95764368919154
19.64553750969444,127.54949818006939,481.96083182375924,133.4430862883162
27.412362076215928,52.88498189130469,637.284847467653,153.7207528557544
23.882686073370746,70.31115590288988,278.8138088670493,80.99546028978756
28.57000247046046,128.22313563964647,653.3433701296326,196.72636499344108
27.366188122867726,70.52537819385071,357.6042847549855,94.39367800632306
24.635855436715637,93.26100550008925,473.33476707655853,143.90015967758742
20.766031409657977,116.50156297073656,457.0755579701338,145.67813489116443
17.425763876570677,70.94966635409094,558.855326977072,160.0650492570879
22.767425239664895,103.16126518437879,340.18756481162524,106.27273921117617
29.28199397161736,59.97923515245387,546.2172666081943,149.00144244898533
26.07046872065102,81.9589706814636,702.4309623286853,200.92563639589005
18.771306106440058,109.59345802427612,363.68259954071897,108.82379359930968
25.86590462925591,52.210187994049924,518.9706167610395,117.03972958972727
26.926586898644185,113.21424213881197,433.8017822203391,115.38782219595589
20.580712818994336,99.41086603219956,542.5887206193036,155.7584806316311
25.76862552972764,116.57469863251444,501.9147777415752,129.40817582234737
25.29104359223,106.71742402193985,435.85130909556904,128.10782029243154
19.285148510846884,140.92421289921532,548.7872284871074,166.05041569299914
26.788936801741418,103.75673507943722,680.4348109786742,182.46020648873585
27.80392263184117,87.11783376624241,480.90962082727015,140.47368425308906
30.415256215876383,103.66892509096851,571.9757942148182,162.92636303620094
30.269010260174515,116.29894087109165,370.6727042128836,136.9473863671254
18.111653160214544,101.46580210977113,404.3563623181991,110.84367586929046
20.310874800424386,101.21775073611647,547.2406277880377,143.19893679406937
27.5751763360433,78.94024936579734,648.4116028535965,159.4253890957719
27.568929754561044,80.11297247347156,535.561334878566,153.23254171366128
27.575238431530238,57.921841846009194,468.6941969476846,133.90699704305544
44.26365745327361,152.48730229560817,499.9291405423354,172.37610071697142
27.854452553465833,62.68410293826145,374.95922660302824,119.55923914771627
30.677828200902994,79.21284406612278,560.4515326355366,139.41266517363186
29.770008817466014,78.44778203292408,588.233306232341,172.73824138058978
28.25695625652899,126.84773130833324,454.79096671669197,158.37337708122544
23.42365377679827,91.15150965123917,452.9957852240499,137.01265680103833
28.794846102466337,137.432262180212,526.5878229652049,178.76265538604832
21.13587392731214,79.79528127268395,456.32802639594047,109.20589454787161
23.815906966299956,108.36982486671405,493.3867385374177,137.85176728802122
22.573182260854484,74.93958840220728,709.9721789166515,168.4098688276002
25.409370696931614,164.35447383320167,475.2974299254003,164.28530672107982
36.573292833367546,64.37204742911462,464.1659847978778,119.93005020897226
15.66367403704126,109.29462130681082,435.2458194364841,135.24433879123558
28.43130095187257,119.01330642796296,574.4191971499937,178.50884327429105
16.936420644051744,112.41397292354495,481.8775826781897,145.51994773556729
22.640340671052833,94.44137023366875,435.0626961678574,129.50263087581354
30.444752984836832,96.10537900799721,632.1304032273013,160.60133743127037
25.321400095477316,101.31434415937329,641.9603004513638,162.97855372456976
19.61127611035347,95.58993995114534,439.9576434261295,138.9703377787129
21.42348145370016,128.9163735038473,313.3460048639384,119.84934378984528
28.39798874467338,166.31569004774053,600.7513689836923,183.85377998962187
21.34816684141432,83.27524644976499,431.5370174239996,117.78496538277767
26.082292947909874,58.905910612627665,579.0625599162769,126.26735290988485
25.22785919951907,97.35153854946236,302.9896182288164,91.70879062351715
21.741998261970913,177.39128012962954,589.259733829931,201.05452080725775
35.719720446626624,75.88976296090807,378.8828070719219,103.59879481594544
28.169595111590056,149.17350416332204,573.0764119066524,175.34692939833295
14.874287066711965,150.3310244222932,501.4273067836434,162.89635194872463
25.93227157384714,83.39235274876016,404.6060580603355,106.3558265435958
21.69106767615806,117.06949237555827,459.29636870732196,139.67276004002176
29.26216667398112,148.85189869385613,568.6318456956701,182.392177459388
21.037396307836495,88.62616777037539,510.58944531152343,139.34943076640806
24.426317792665504,93.89258919692915,558.4412980472484,180.75322582152887
27.524936394902287,82.54957258154069,697.6440584515485,161.3701590734411
29.328775970850607,69.557298079214,343.57583882889486,114.83403047380727
18.998517964721117,80.52167364801979,661.7212574968623,164.2719952021743
23.327493820795258,63.2817919971323,510.43559375232127,140.45460480836834
22.62527344419522,101.02250404777678,410.1215951676872,128.05677848696052
21.73335383713144,76.90080306824075,366.96863742610105,99.9990833531582
33.82727120140548,107.01357735372243,481.08796092229665,147.52526491587219
27.024908554804778,53.32313061389118,592.165011192446,129.36338118607605
18.695580228324772,109.92640696643372,487.2450879622466,145.80720480225574
29.58930973527388,125.00586884826774,651.1154930247347,185.50109878696946
35.610780985063165,40.187930722856336,354.88243099484407,107.22485759478832
30.162326302755734,111.22169709542716,498.79110521539457,158.78707657395643
17.403150170229935,136.83006977419876,374.7606555586881,128.37892553120932
22.578829635668743,63.710769439263835,536.3631882624968,139.15617750009565
31.334555745933113,150.1771716051311,588.68873900973,169.64749378983896
21.461652671906094,112.57057028098136,457.92382063189467,128.9645539101359
27.219097140731144,78.84964432724773,239.57861433728658,97.04751093777053
28.873170267146683,98.32692767026882,519.8948146796495,162.27698042764365
20.365347642109583,116.74980737565167,543.673855173351,151.56128270529996
24.702373219691,102.28016174237234,540.4294754961697,151.58115770432389
8.793663299654636,116.16267977339108,623.5782191822154,154.91513566835008
19.878061793328552,72.379792207619,392.8946320350951,121.95946341864345
23.7371592430342,105.08082472108234,568.021610545045,163.6513173837686
18.761084090175753,57.588565092850594,619.2507512477976,169.91943618714006
33.16205651965818,96.66321815953899,322.1412415993483,101.22501125576305
17.849293110196836,72.8827707560563,531.9651825918977,133.40243531011268
22.799777566515083,77.934101722307,449.5820168992328,127.01098190505193
25.653702886430455,137.08279525631312,491.8477326898354,158.78613193533397
32.20636644533058,132.73930361782806,534.7676483538337,160.7218276033041
17.8206892441028,118.27414362721531,451.2771435886448,125.91840552340796
30.815818760774796,67.23061705982263,432.4291920838388,130.87700820433767
25.051165305097935,90.50774650915594,503.4152417488025,147.57230858051204
20.092456744760245,136.3929309993755,391.2754061137197,120.05644788929949
27.310517371316354,104.25150740919715,391.4174871114815,136.7686363417686
25.99529847786735,169.5798861994508,567.9373282956503,189.16106784986502
21.998915614206027,111.79953518183116,385.1205964841344,122.90640263095717
25.349010424950094,105.76147349470095,566.6312500909212,158.52517590282994
23.0734320156912,90.72650607392495,546.2591292853951,153.5470713982612
25.56758672625624,104.00622714346846,327.41932712094035,100.85249622779413
28.310653372605234,95.42590490858369,432.2435347664345,129.53211990380547
32.93008408072676,121.24326030065771,619.4109403047372,155.19637274541634
18.810922505865754,128.70106950383752,401.88344688603183,137.15702793631985
35.665166873281336,76.42031618476152,453.5595737690612,115.85566082146278
15.239561002387491,60.063011393266656,546.2060893251896,149.91410006850165
24.241074524822082,44.913838806901104,578.3390509282596,137.9612981504688
27.941586032422883,115.23973980737631,474.84611139555045,141.39526741822266
26.404959338675162,66.89900181478379,440.24898053083587,115.04463725909484
21.88650240089703,35.41328221142551,642.2369861698508,147.13424435862555
23.959388748213623,111.65735813592892,673.8899663797579,194.44020854231744
22.534995326705836,174.78998552298373,597.8858050781796,158.40356777053316
22.053176215278942,99.8178726538032,508.5318142565024,155.4479666159628
29.248010485105123,125.15472323354925,419.1734278359074,139.38534259081592
26.785077429825236,102.45488075642695,416.95555934434344,115.44989833213722
21.535452023696728,97.03331040426572,552.2514105265758,139.57487730795089
29.497999377166252,127.57229448963305,541.8398220888683,178.15258272532876
26.536497604383047,91.29176367434046,640.159859294643,159.2326809639949
29.0643105941948,108.02176942215709,565.0450092536139,148.41418286850774
28.14814420961806,109.6509341858804,349.6919698240182,128.28089174902408
20.855024945389637,79.95728639070853,605.1947617722918,158.83917950722488
22.199094799015153,129.7612704860957,400.1939372685587,120.68746023368404
28.736468025616308,94.75120729913775,461.60287280476484,137.28042051754863
28.051851327167324,77.32764521521466,525.0200206251694,131.97069651677916
24.89549203017926,116.09529530711211,699.5667489783964,198.19789838712862
25.58663691654391,73.04596054626889,810.9918556005362,207.51918739099122
31.388324478942124,100.84543472107384,560.6723059136183,163.40231582673633
22.04214305582085,99.7264301006739,481.6803381279612,140.891678796175
27.735486905850188,132.57686697494734,553.450564848055,181.94279776369405
23.98903673783053,114.24094698639858,588.7655425873836,164.0167742561938
23.9115939838639,99.24919123764569,467.93323744428085,123.49846059787383
30.49388425993595,124.53298897600861,679.5211355912322,193.00580506934006
29.12708174494015,141.7062264705194,523.0070759191402,182.53729449282508
29.067548180003193,116.73430919055586,549.7743089091394,149.36133369713775
31.527394035771646,100.31057859530142,566.5924252054461,155.5607279706256
25.105019208163796,60.644913029495214,542.1586610614456,143.34217610623412
28.40976485647482,68.04659010773882,583.8940500469612,150.8586209798939
23.44866621703272,90.84325886935997,438.27468134530767,116.80921123461275
26.62083176244221,81.71463393522151,444.16982460539697,137.87734954517168
24.349284728161578,94.39086091043661,389.9845767028305,141.68922319795047
25.48497982496359,101.69949774691321,543.9501230620226,154.00367843919938
27.97578512718457,115.89078263070192,577.8936503512114,155.29317452568512
20.908896583832636,97.88503665822726,545.7772866151886,133.4858113618875
35.4619363784273,114.59504931478605,667.4492433347538,188.17909146281204
19.96991309250149,101.9342324443036,499.44039811709536,151.49207933612348
18.92905693606134,40.736003009383865,566.8741655592513,139.8118399476499
30.790554367500338,71.81993818543737,390.8299123860686,115.08320270740657
28.95831346981468,95.67737332835154,461.2900297525599,129.54765816603174
28.120599085260775,63.709157714766775,569.5537757565778,136.1621656811951
28.1417275463214,117.99786189988613,584.9102110743144,174.79977782123822
24.938766135765427,145.92252497031092,470.60330523358175,159.5045178195482
20.51372814257084,136.5628555509195,492.8400748141933,134.3364378324926
25.37902279096863,93.59671387209376,348.21262533191907,126.30944040530309
21.61419144243944,144.72178410549856,464.29707991933907,152.82375914567712
29.875598667088756,104.46002371606335,589.0383163519787,178.07941617021706
24.264713092489306,89.88742086645883,557.5205016106567,137.18140564346248
20.872514016037442,81.5979200937718,550.0665721381209,131.27070590962006
23.393070791735035,90.92590940535615,504.977368718096,138.48008886342058
27.06465727137812,88.35469544376313,500.70631586281763,145.2078447103335
22.181377235980126,105.11248667126463,433.9678860526553,147.38162005917013
20.888898022167844,104.81721943149594,569.8828420202535,162.9269723827347
26.218436057459563,100.09138060460243,542.097294438939,149.129278329778
26.224832855543614,113.1081450923905,549.2018847992799,146.62154483868602
22.46528412314435,135.71938824359023,447.396515733242,153.72776740848914
22.644808471908387,128.4866240632397,284.6657080128756,97.15447879999407
26.16024968678818,55.453060946502895,609.7152711753696,167.94378291014212
17.75957829251338,23.382365952941356,452.1162543991596,103.47390331590593
17.962681128117225,128.02959733717822,413.7224235956879,146.0405252105282
21.40777889373782,58.993639047537364,569.3478911913994,149.06087230000279
23.932764241440765,93.2570379432195,460.798736008087,130.73328581087904
26.554537827990025,64.89660921821921,605.9936384046622,148.75101564213196
32.37678108474776,45.94058687259941,561.7005949576698,138.90160682222685
29.288298116010097,116.24388184614364,568.3569323200478,167.47186699961009
24.200307350182864,122.77465480907941,363.4044288799466,122.38500085598174
24.904918960486555,82.70468797819842,621.19439853864,155.56463150074376
19.987353176810956,22.26873123565271,526.1250531233856,120.24299248060207
24.90743432003805,83.61266655242551,463.0722860753797,130.93774463801412
23.55670680539931,111.75412016207639,514.3388467342251,126.88501785401945
26.613592801690448,55.63265293677614,322.376476710168,99.05356877179865
20.863845282238387,105.50079759337467,540.8652811480671,140.45800590157697
27.596732571205862,99.54070452481014,397.06284918179284,111.53982344734709
32.66369456501289,117.37874498803265,364.73297141564655,107.61862159093846
24.456199257715713,103.5874110524246,347.7640813782109,94.91821424154853
27.008558610494706,70.80793177355334,611.2688374989925,143.44595130598896
28.450719958555563,135.89714504993475,437.0736606307211,135.3190260440975
22.993897640570818,95.2441128091909,653.37277099165,190.27732823663837
26.120462409052084,99.18086381470205,446.4198536947702,126.83966432893867
25.062962003908975,72.00196122780412,329.26420424070534,101.76241128111711
25.48838049274416,86.70153246425468,388.3475560051341,120.42897505173859
21.13495108072267,73.45591857919297,623.5811620006939,158.6311353764165
25.122550871294713,94.81161820229731,484.4101822063333,137.11236273034328
27.489991456227248,151.35125440427032,445.1712703509399,136.23168848359026
32.25571803897521,58.84296571205931,516.0018225852788,151.4903887329533
29.796354130426035,51.593158063697764,550.1782736167545,158.4837456440521
35.76591228755778,144.13510982480824,611.7398815902461,166.64487846804374
21.163262185559752,93.72028968544402,644.8499229892926,157.42741668740783
29.361603183603393,79.92781784020251,464.0231354210914,128.66567060431066
25.91671002869176,131.19714062188228,367.3952313917962,116.15116553016789
35.94901466608836,81.83153380789408,458.6534838876724,139.31431978750555
20.958508573224243,154.78029140640808,526.0280506582886,154.83622981612615
20.801390789096118,120.33777614017808,403.6241073789389,148.8774103904553
22.00303677277989,85.36265775562892,404.2849085104957,129.37278335861373
14.380521378450965,164.7192463979651,534.3787881549886,165.60753254593487
22.371224891596196,81.82855230989985,495.1347648429549,145.03099374055637
21.20433669223151,122.26286116027921,503.27969954115866,158.99597084600435
25.75196893238104,108.97877741219476,424.1504665299931,124.76023611526513
26.708779878885796,139.05223868196396,476.95992857942326,142.2998748144971
34.38085419607943,146.84533590180558,407.5766855731696,143.54079561291178
29.75211919093025,100.960124471973,589.0198411124787,171.58442640453222
22.115481721687985,77.3974638896145,603.5249334723752,156.37257070873758
20.50792664325821,113.7991642881735,315.38121377619063,91.6999905414093
27.459595857532527,79.66853890743681,407.048913980759,111.01189795764068
18.398833964896788,160.4016174257987,350.3470744909921,126.64958847244264
34.157293829271765,104.09605993248212,434.99760655931016,134.55033016298427
30.897200603606436,89.04035346063674,491.6562030209639,160.2173687120851
22.654121739476476,105.54040917594725,355.035478030147,100.13639980456182
16.434327354545612,59.58621131410911,407.81401868746866,112.71172322735802
31.769361870827062,70.85157884468046,399.60426279185015,131.95213823047058
24.42730077373691,136.01241723833277,520.7267329398944,179.87721960057513
31.189081559867308,80.29317163085813,506.934433703625,137.0254047780765
17.027861706028165,68.59267051954181,427.82624466627465,119.57127546933356
22.003124885231134,116.09958257581859,517.6820872139398,155.06545823013556
25.026218498590914,135.57112463988992,445.33199154127345,144.20566226505002
25.23490296882371,121.568599319952,472.8344889673947,142.66647706148336
22.74967264260378,129.8814305741745,667.3452090298537,188.16806119452545
28.114249661737492,77.29614734291619,634.0461051790348,138.73272921735372
19.661897853087027,57.34567999774469,370.0418763072403,107.86372308794128
24.288102574893532,145.0400095586646,582.9732417879175,173.51248154924932
25.601478158559495,90.31960483473593,581.1396554491592,153.89980265174972
27.572194170293745,92.47500950634858,385.1736711247382,139.03195611919466
28.55807439044445,139.84582425547174,581.8777643754861,165.85899715905546
19.376789540810655,116.68690028201979,653.7931918412553,171.42234333261203
17.32942914632189,113.67663316244823,387.7455193755586,140.23234141905448
31.388384109492545,164.95007034703252,408.24971789857364,138.5085436900722
26.661570059897958,80.69445308859571,601.7661466843502,152.39119746403236
21.25756731721723,127.83520384243711,527.1495310825647,152.9389967935442
32.75575987761262,101.71039374691253,555.1476275239523,166.327868388966
25.578373171464293,108.05776836589772,534.0589216400497,154.09632649704452
30.896485920319133,145.85405279237597,539.0695920928144,154.09212374491264
25.337592407050543,115.23507268868872,367.3527871688917,115.38818981263834
35.303739624409936,116.14888237148898,604.7317706621449,167.36934432395853
33.77670421221602,132.17522011929407,616.9589992427774,179.16050753822122
23.75517925760463,89.05141811371344,477.0609255931972,138.2636367678541
29.85785475477178,74.8237099798298,495.65230501861373,140.68855893393732
28.226879747925736,68.65572417936899,346.8892497444278,86.3278895361751
31.843157787661745,41.009302318719946,551.4254756017835,149.14887458541213
20.17538269709948,161.68621389820967,557.2057441714144,172.56039281226177
28.430257299992196,66.90374902834951,493.7808983000689,146.88775349445382
30.29212243424794,93.36239129242684,612.4353359870503,170.0838290751688
16.20630256788443,91.69560100333238,466.59227690200595,139.94351654270073
19.083707436671126,109.22220093427302,556.46059258936,158.26608563099074
14.803839111199498,124.4721163761789,398.0335661307885,137.8125252566386
23.652965827777212,125.81420465079236,497.6447849125762,154.32220765181935
28.58771127897981,82.50767684293184,482.5645742097164,134.5799210698837
32.51178526048014,94.98634858640766,522.5307922040942,171.98230285145002
25.370473902098876,108.477398514649,463.0473071166641,146.7282891515759
33.14307772785646,92.5392662144936,486.85274043283323,147.4413110248871
18.099492708925542,148.2203672805998,582.6047171441506,157.27375580208948
16.483087803224226,114.72924854914754,456.32357627617824,121.04195754695665
24.722261505516904,122.04633358149452,339.3422899261321,119.77064363385176
26.920327244696537,119.88643806002239,674.9583904205421,185.8729851021458
24.836526259529535,135.20421572455973,638.1454078690487,174.46738377085927
14.662789499800617,105.4306467611112,370.7737304894381,114.5251618722419
24.55439980243606,61.09504156132461,568.9707805245195,160.28613775495526
18.477652497475734,111.99063855257924,449.7025229448657,139.73054714898774
28.348362744150194,80.45929318624513,526.348721533106,132.17162853704247
26.83299123048424,84.1414995475073,529.4224129013494,143.42833978833477
20.300601068363225,117.5909205626528,476.5592199683678,132.68975588812538
22.430665413316532,137.14849214300907,421.62343344136036,132.80756787374744
19.70393239055524,100.63814730208185,430.94589476837405,122.09643268328055
24.68660451363414,109.26499037796891,408.38080845187574,122.02250523454285
29.775711602506192,151.06644833905713,416.8177791769555,131.0199924186274
20.07136976832228,107.22259538465705,493.28217099506446,139.58235088338927
27.520232577589223,178.05049342541184,428.4240010889248,147.25398816573002
22.348711908137794,116.96528936894633,568.205206571262,130.6104971789825
21.03563583868828,47.17711722532547,648.7246155335927,174.94559643867694
24.464848200227213,122.60024863313598,441.9946758629957,148.29913040482023
19.82378838790313,111.43475154648334,523.9404500535377,144.36740241935414
22.23175347326409,138.69258262248238,549.9685110302934,162.90554422684144
19.010610537055758,120.19544053809875,547.2002270919274,143.28743937516737
34.82362566458195,95.84632048048678,507.59552679160873,164.6420431128674
25.176317759858645,63.271052911319025,574.2682418359723,165.39601006825063
21.50137246003707,93.72930228141924,548.2248952680657,150.0813932505227
26.06989955367111,74.484386373721,376.2337577672702,120.86232368425934
24.43835975154585,82.58429650585832,586.9156064389273,156.13045790465512
23.895152002333884,117.65735213261829,588.7290837266742,151.62334399752797
28.070833500217127,150.0971351305422,423.67138958214184,139.680601516063
28.787538550236526,111.84014589468943,503.79378354476023,150.0238494201967
22.34749426194736,64.12350813894447,568.332899281107,139.531902241444
22.1209087967766,113.33808004660422,479.06861804206386,138.68906924643198
23.62474151424178,135.89894459936954,607.2978047766012,173.12761951716084
13.490394176322075,81.70651287041854,736.3872494619361,177.72581586301922
17.42404468900724,95.97948499981247,421.40139673650174,122.30873209672255
31.834371337222624,100.4406458418759,361.8955396846225,107.82243669413259
33.22483856750642,76.4530506075328,530.3818595604876,138.45454488683117
23.75481980221811,119.44841301531577,572.1562505126144,149.29734125122695
27.882784815278832,96.37155554176655,476.9133626155231,148.01368709013602
26.556250772717682,112.58597331721083,645.3260663321034,155.06266122953951
40.39440404227619,73.375234665937,366.1394200276751,126.97355985962346
30.597874557172883,86.87625099029769,569.2918623031611,169.08367900893643
24.360412042596167,121.67144073483314,439.41391792411065,133.54261595674396
20.22229779699787,88.815005437247,671.9377906207296,145.11183777554598
16.96776839871214,151.80891553700215,699.2515353168119,190.2637603041462
26.017318179336115,88.01091443156193,423.3343412216652,123.43696005058149
21.218246273578483,106.74054177255658,445.044286409142,121.53416075109548
17.88873145201163,127.9777249561927,585.9587886979803,159.37725701437725
21.767135578787368,57.44902801200905,461.2869350210485,135.6776151858396
19.592259981928024,47.175735640576725,495.4588782067762,129.68989794750968
33.43570817536282,54.23031056289716,502.538842054241,124.24907452361776
29.408198784747253,137.87752310281547,308.0326843802344,101.69790150331083
24.960136793416915,83.4442556232266,498.6162253905763,133.966416985694
32.39972069445013,176.74597857004755,431.0272225935826,153.2945306434515
25.38684153823809,83.07257204027835,450.6877177600228,132.71472780684027
20.69357899335868,105.53653909591111,644.3632003468814,165.52722416915236
32.61562038634828,146.26329857703627,374.3493105720744,140.1716576343185
27.694550218423295,160.18278664477367,581.3205186747978,197.5177552382056
19.81376922836772,161.84510729909192,472.1037069668191,161.0361684217179
24.04830660958196,136.25098691779428,472.02398315041654,146.82336093690486
20.621908733076214,130.72187577434386,579.0371896051711,163.50345030934253
18.086001345178317,117.7758084760355,534.005129456889,147.6100377649789
29.630887737658206,123.35083228499913,557.0612997219531,175.03936262324092
34.54708320235065,83.46442851014399,596.8184660532861,155.40342890536272
18.007162130904295,75.45403349733078,466.8691616816677,125.46585054098476
27.814846183452854,99.89876627767144,438.77632654922496,132.14429730368371
21.746787154390866,94.89446132425215,391.4849473442202,112.6208795151998
22.56437308117652,86.40315852018175,417.4589470021045,106.97026801822267
22.038030378805654,120.89162342370146,794.9094425308725,209.4981357588645
20.68004615160092,128.6591562571153,624.4679580736787,173.22132184911698
25.242608139724133,102.65220658875542,364.8925633791979,121.39788341669397
20.84524941794481,144.32590243165785,367.75420432564295,121.9352332392067
26.352284128899193,65.74932657599484,548.1866061718491,154.74647425974837
24.748809452754315,94.19021622160845,554.7264797377967,142.8090277283006
23.80525976566795,78.49533038191585,554.8883835317364,163.54930854393496
20.46218168979201,44.0039014878082,474.5044206446302,100.8567803218819
22.116143347158335,97.51957942471903,487.45457399970996,142.1525609465058
28.77695612912878,96.3475747485015,532.7879524159357,154.60464779756822
27.504585938121902,145.40349229726394,508.589300629333,151.13563010469792
20.112223776007244,118.92435053664333,278.06996272524646,105.59134897265604
25.49666152714613,69.27439527012385,477.0200369424806,141.72984343070794
28.756935616858947,155.62277699002564,414.8593565739686,121.86898382669025
16.652973594393142,136.63101086576057,517.5211418908513,157.84746651000313
27.716800961899676,117.46293110405847,798.525900260341,183.8697516609348
21.686881205270765,93.20547703450504,536.7481665474304,136.49806898724088
27.852993342965796,71.2168228982956,468.6470313827602,145.31261346653307
21.183704217287417,88.83379671786841,592.1801501977252,149.86020082962872
15.975589496677404,132.66245859112558,548.2687887209213,145.70149042577088
16.862287810584185,156.53758917803827,542.0094490451842,161.8149331778936
25.24042473330691,146.29730584816568,560.6850593215671,189.3254793670521
26.29861250860741,85.33451734641177,705.6543564829542,161.56371028275782
20.478416874477958,66.41147700132967,386.91115646740843,97.03178371472613
28.19296229388687,104.22658740733611,547.3632076811455,169.81141573716965
16.6923996886552,46.94681903311445,407.3618870018462,122.4796463900085
24.66960100676342,109.69503142554345,555.5512646342248,155.31925061498686
18.944919001187717,95.57192241103994,408.13134885139056,107.37977896891753
21.740819460989204,86.01890494395273,458.26331863949156,149.28717995967034
25.23699335658207,52.15890798199614,470.49100857620937,138.30879470562374
20.69793317358024,115.40800319709149,597.5816719344709,171.27717181043408
23.077222278850872,84.01897481014265,591.8454443942414,146.98936897194233
30.0314640460722,64.90249492869137,375.42826235536154,109.08183956433545
22.115540652384254,13.832133601550524,505.4934110999849,114.70249181620596
29.17846056032571,99.17455284848091,429.0420145250827,133.45851208587948
19.351465726711908,153.16754790009233,374.1495089324666,144.96591340119033
27.649020889576413,149.83777643643612,478.298294957563,163.22967277860567
32.207843103289505,86.28711230241184,469.15172115441806,125.04663870340433
12.641777499363553,81.93363818914659,742.6716486345522,193.20027443353158
21.015523722647615,114.06322768225071,543.2959825360696,156.5172480733445
27.8853606359027,70.04843682435126,362.2382499245763,114.27551930876115
23.984773069785035,109.05375699458398,443.5225995829058,148.0784421426349
26.855729366856544,122.98240835154071,602.1383295429398,159.63445060234292
21.980074066420897,136.80799671652923,708.8442772869926,193.44303571850313
25.4329489373645,96.99537770560141,341.40166877620413,104.78087602201136
24.221613823039604,93.88978749469102,312.0075614860955,87.00066120349166
30.838910308299035,73.66052239730317,687.0965175371782,178.4040151568253
26.272104216506065,75.1935893788042,538.9614177370904,168.6019779851566
26.68801331037601,93.20563324295419,413.17072681236334,105.53906454548941
22.940615169387662,111.02096520448535,553.4629086122435,155.14637275799345
22.561968879637533,127.40753878699749,236.42522609831224,103.1937206463282
22.837209060901895,75.90463147958965,500.3375506597161,135.48828612283287
26.972260711891483,144.78065706878564,532.7821172843085,162.34547040828573
22.895077595898684,91.86629196872293,592.427013953783,144.50066554486457
26.448874284482066,99.35898116954692,398.61040477074624,125.082079876656
35.37700399322719,77.5836496255653,508.5687161403359,135.1097003421911
29.355623517158463,27.272792191811746,407.45753739404125,82.45193984514549
23.369882339160796,126.52136189083149,525.5383755674317,166.6949470554535
31.006069610819722,122.105316912773,410.4653677636976,143.8115616304017
22.959623134892244,91.56017328645359,459.18991608397795,131.30245653868857
14.80937732411073,102.00972151674615,400.4184605209771,120.38204410333165
19.95956844541298,115.47817653112298,565.1136241823657,168.38914214567214
15.646040394870722,53.12362429340372,585.8451116656665,143.1725263863706
23.24243257979346,84.12841967961116,476.53794300425864,141.20750634224495
25.092091895947757,123.82794038865481,503.82379949600283,147.4843659550324
33.382186561376415,62.37131730492252,355.1408585366456,119.55049756523354
26.634636868820813,108.80673796499887,470.0323351993213,143.17366412310116
23.90449735595568,59.30254586129785,494.97953829582553,130.67943953159104
29.147027905917447,113.99289947300579,762.0793091029975,188.48663472833965
13.944323454960575,98.93075553107549,388.8032974225836,117.28160641433676
26.178072790542828,51.54604552283472,646.4177238752437,149.51684565222607
28.854325969434832,134.94218063371514,599.6858773465808,168.4641653788632
17.607068771100792,77.96225269605853,528.0636404490136,129.65118200100946
30.718770216034645,75.69242688956857,675.8620484195134,162.5771735397983
26.69248203747207,106.01707591692829,537.2105472606863,173.84118727612142
22.923560430495993,134.45912048286147,538.9159195667929,172.89609089334908
28.163909330531425,69.52534543064809,494.68793469824544,153.08082025555186
36.35346428902198,101.85039549543914,622.3568882418627,160.97427824595965
25.909331275292477,112.86449500991719,609.6469233810884,169.455936315948
26.24110293150168,120.79316821789432,437.43227125037873,123.90987992915394
22.70319550229878,105.29324665831676,368.07528054012323,109.59767908469843
20.75077815267604,88.98916482750033,479.7019362604343,123.83125594250923
29.151679082721227,75.1722933805384,419.99614356023534,133.52259633198483
20.719580870455665,102.58431649139125,493.6475425384645,135.90229710932053
25.357831186096963,67.8358296404318,623.7438134684139,168.46222051580096
22.611712766174417,12.359485495161778,454.269834491321,111.90887782578513
27.39489912873196,113.09679412473004,495.7176618688425,169.80640769660138
26.66831052643474,127.11804523258586,505.8022734808395,137.83558129776378
30.187699721289498,29.112026933744843,584.8430882205284,153.38840798274188
22.449918005726264,69.70807885870187,275.31106660153944,98.66400468478886
23.650625323533145,118.57462783015593,439.3299705234703,125.52990673523706
20.106181421088465,161.72486409135095,521.1283692279472,172.86755714827058
22.77853369961944,100.62381123026223,620.0078956426861,168.9394389776879
26.88650246522426,78.15991176312596,450.80975524937946,124.77841321189175
28.78494308322676,94.51310676685479,312.3447293958126,96.97599458111233
20.389173379111874,141.24629257444553,561.9711445966136,157.77160886672047
29.3480296005283,80.62107462626395,436.46376111743706,146.65121036949
31.778189294024756,76.0242398004924,381.0333340909639,114.9098615949277
27.067174516118506,85.51769433453903,437.5654610286776,134.52328777947108
34.38397906279033,71.40014175223862,481.54746423441503,127.01253108727424
21.131054004482134,103.68010947984386,439.52553354617874,121.77613709321359
18.776726483442914,148.7403537540868,279.4433942900931,120.71899631846556
16.106398755478608,109.69237819348088,589.7066196887132,145.4064746580109
32.480221557445915,92.42939493621137,627.4875041278722,165.31429240610808
28.27182828177029,91.24566193253368,565.1521991339506,154.8803266581577
24.722076645447725,53.10427573910029,386.23143295751834,106.65233365435815
26.399843131599102,126.49329331441477,479.8508466052482,145.32714603101206
19.372554763508116,97.66488408961594,499.3478684770542,142.81351411500893
37.228759898084135,94.58560259228123,559.879438956191,165.89450607614276
25.646105909876137,195.7932270353458,566.8340488718081,192.27420629449674
25.546973973024464,108.96258725097059,426.58262012215044,120.92074909955524
28.62883311949346,77.44626849714447,508.199555641356,136.34665725787332
27.405046158683568,87.2092721138337,545.7280404615241,160.9585414245661
26.119420121395656,134.45337127590264,645.5822322146767,191.4586397621427
21.04762772277344,103.39811231613294,570.4506539824723,141.90478383791043
27.357341785679978,56.851660650479,578.9056687375519,150.0301018390161
34.41012248237517,127.5768680372561,508.3826627929361,137.37240171720353
31.727100230774887,79.95567743383018,641.0459145203504,168.52878527021025
32.965933133196984,156.19893328652637,540.9762795959498,190.5155726392061
22.443921617844076,132.40144197143945,413.891208982643,124.24170802419262
20.051975898707095,86.58034313023747,640.3369970125191,155.72425983601278
24.37106539950176,138.4304908520534,569.7903272539028,175.31304322187606
25.278624561443472,102.0356653158221,455.6955978871518,118.96111630080225
30.470957592354743,125.58321025366658,452.0507032600757,136.9930322254421
16.537676851425903,114.54198451883424,529.6575545140762,154.52735605999598
32.64775159730307,74.6093003502738,546.3184795267584,141.62750333219134
24.209960507105052,80.69350503047613,519.7292265631206,137.89917720320977
22.8655946502629,130.89882452743484,531.1308673442885,164.37047525536994
19.93947812369916,89.95674003680378,669.995737457638,175.17136939978394
16.725716640671152,87.8905461027401,607.1543152234885,158.82906915880935
29.115852919809573,71.34632261951941,519.0635591265025,136.38331227836073
25.36658983594202,112.70797196780383,594.1310580767483,169.0225092763514
18.55019550129473,161.87574757729436,396.74760964724607,135.9500171522873
18.52460613968192,67.9740125723718,539.7927049946809,142.19110393974654
23.32107650354936,100.72658370018274,680.930634973311,173.0953201053119
33.34510762644696,142.3666166624629,478.1954104607626,153.19593116031947
23.702043243181976,97.61075826262855,415.23660713809153,114.28199260247773
17.48428523440947,113.57115388749202,434.79111114069394,129.42163491152877
23.77128467957028,68.1281941555936,391.0366962657612,102.42143120332702
23.636382151261646,112.84921291622946,421.52380918722963,118.83725228632568
11.515566785292142,94.38567204986353,462.9491901409971,129.24993451435844
24.72852566741094,129.5718998703959,359.4432980821358,125.251890169828
23.84532734895661,135.62158154694254,501.56183339496033,160.75024216703886
28.48103182406709,177.68690926055842,590.2277173786647,181.28087647018302
34.244780474726724,117.38899519640727,409.22438198530796,138.2644936617147
30.632825147738785,109.77388949746499,651.928392364177,184.1422336186809
23.655556547225846,105.83152904732007,551.0792088527595,158.2408168366768
19.467370456291647,89.40501121567935,603.0580585624057,148.91026347730934
37.8667990162493,110.15451530385073,434.2165446147863,140.31669784494903
25.29609217007244,91.13795769582912,585.4525227066615,160.72134089566384
25.06964645956473,105.05382928808842,390.8066099604687,122.28407867738206
24.879374564449982,139.5279260682388,589.0247500836508,151.23823853571596
25.990423803839274,69.80372304161077,517.1839339793531,138.9780118500083
24.278197940380288,134.19635683387136,555.3251219984784,185.58834081401966
22.131689965598817,139.51345202019596,382.4405394375149,125.80759578879135
22.26570529379804,96.45794419026764,410.4930157723395,114.88806807989401
24.836233648920008,36.344353029742166,559.7228218253384,138.99947269556432
22.282876144331176,81.76534038716703,405.1651995775799,119.82786220849741
21.435771086614178,138.90983639683327,546.3206292099123,173.5823139585037
25.532151138459483,99.31395813103353,363.2862193539754,102.638825320246
23.725113912895722,70.02093303115268,584.8174212666668,157.14612364487695
32.51996494291345,84.85675236315348,376.74766852314906,122.97076249754723
11.745150958034941,125.2186007951366,555.2299937679524,153.06268910174347
30.45753425961231,116.40200704604138,562.5630933646,166.04886109575548
31.230425962488145,92.83203702490917,430.3228181570425,139.8239625361089
14.633048837959253,88.99526764555938,558.2026567084727,154.3787898546265
23.286562029598258,88.24725552868534,526.0442263333556,131.89610981933856
23.142795670021044,72.32769446504493,446.1158143807262,130.69445091822408
17.962441526410892,148.46127068408325,399.14453159237917,132.7016222365811
21.110916562045624,90.3303859236598,303.7374308327421,99.13080120482434
19.447120772670857,136.5147556247649,534.9650047299693,158.4029579297757
33.761352217118116,145.63948155767355,343.5197228637945,127.77403526063745
29.678391965737305,129.9493269444388,509.53441994413083,167.64795302609713
31.357775474970794,87.05139061845856,473.6551783917751,135.68816100288586
28.608360320216175,112.11190271009828,567.9142775438196,150.3251451980698
19.354741143913856,99.27413180827251,469.7954500510136,129.4834015649441
22.37739866860113,72.88894417809615,467.0552213652909,128.25337402889235
27.44687280613959,109.73077845164809,573.1870704288295,173.57223186730064
18.889360955540273,64.62880626520592,533.5058029084117,141.56542978850263
28.56499215086194,135.6303816538469,531.6155957182779,152.78937692777018
23.798373009209325,86.06148108104821,546.9267589808526,171.95488179187856
23.125895962252013,106.03478967618518,346.4427876792894,115.30969552961923
28.554799841017456,108.49863614638426,575.6788679986983,174.7166717441538
27.2213165574302,92.23285078887768,561.2468794013603,152.01274505987817
23.1951691709046,117.60081404425824,398.3316871423503,131.87775867425432
30.79664901682124,85.75289030132427,475.5919526325799,144.63726717050793
19.594683362000513,126.13891892371733,496.0692712372369,159.0348187231054
28.07967803472132,59.620609592597546,486.5503215598267,139.80976926088752
27.96550628984192,103.79138738639236,533.3859966568534,160.51933869293913
23.452267803430047,158.16786997174853,643.1366781831184,184.65296321792218
26.63066511121059,69.99006026183275,608.1766727672829,150.23022476805107
18.744432118073483,79.66765088425446,368.7780806568594,110.35420255892694
29.620135096034506,115.41723548976745,562.2069990306048,171.20791872447913
24.075489317785056,105.38745345818793,632.893331953541,168.00544007929102
22.386384897404803,110.51890297820678,538.6808520689202,162.73675341309234
30.245046129184445,114.67561390442991,609.0980425185967,185.87098319450232
21.478281547286205,119.0416440568531,701.2270445700765,177.53383371398016
17.957693518182204,133.29099525868668,602.3709546106982,161.07112922087393
17.216854132380483,112.29455970785537,524.9308595641729,145.87921630232808
28.030049756728197,92.76227036144373,604.5088474084754,165.82160215038428
18.597853237518585,120.17721103608194,514.4887833096891,143.0041764538512
33.77397090992182,156.99645804685647,502.3903043284956,177.98601052338842
14.59035296058139,96.02098760852279,464.85857642862675,133.3138566637574
33.48228184145019,70.76412085988076,656.3413358832108,169.6331148377389
26.05508733601309,133.21242007860917,418.15713340579987,122.26360113406399
24.516434440648037,96.38856508139206,653.2367724678115,158.6639830740289
22.275404565955252,34.81991361957891,549.9864123740372,134.3910513464768
26.995680571760353,125.42265031451265,360.06938251980586,101.81255562264678
24.81182648787576,83.94015442138232,536.7649292991422,155.06731952662173
30.516509410082605,97.28400153087517,289.9973492348376,100.86138656754817
25.571138243310198,109.95940991707043,562.5508016831036,190.71448212934428
25.75150880730939,105.71499039337199,588.5231482988991,185.3740436876072
23.18193893893072,121.28355451417119,440.76440443479464,134.31442601820046
24.715271881394663,86.9354088829047,512.3547695955582,139.84584249936722
26.539008844460295,115.39317394528248,695.4157433750286,196.9264204208409
16.449158036716874,92.21359967248249,449.4253295738063,142.80545093404484
18.259072889471433,122.16431442662508,394.10924129433994,108.22038845723105
28.716320470113576,118.4610245203916,648.1663402462599,161.6659809868794
25.854327190639708,71.93683893866213,696.2587190530795,167.5396110319906
24.080083318236603,132.57946348525098,500.3695671847847,157.71516997338918
25.092169665326967,83.92109664657856,601.1463035408356,162.92041043988013
26.737908526808354,124.24173394843436,634.1475915530881,188.16870730839062
22.301201598453193,111.01861940204022,425.7515767461616,117.6095266854179
21.108476372988438,155.14551030385368,451.4694164632132,124.23033594060419
25.979226275488408,93.29602052884444,623.0874513154735,174.17605151251365
20.10813611192484,89.52049611645407,668.5014278708509,162.32853973541646
27.041263778572358,99.41741182336803,556.2880860174355,134.4185939958973
16.4870819788108,90.90460651497173,412.0185646497946,119.36927333344967
30.14577818662822,123.9982570582615,698.706111169944,199.94534532696815
27.362987412065216,51.510681746902364,446.9029102188035,117.29470895265125
26.28014867156938,68.38952742560937,466.4862218828548,122.37569307821359
29.91345491972757,67.9659123526242,534.2337834489622,140.59963553398444
33.32737222231288,128.50922775920728,655.4160420714775,182.5938352292063
30.07185032509065,151.31840117745776,585.3975976552224,164.03049392742545
15.795628843341774,96.86652344387585,541.486550036191,138.10827469216753
18.602115166321493,94.93534830429968,546.3288530118107,152.2602317269509
21.875907111521606,102.10156489339545,504.3514668643466,145.65550181041377
25.13045525105417,134.85634907824573,555.8139514518506,165.86552069903914
27.588295102345615,72.17940597428277,247.0439922305697,74.90528297103778
21.371280934232672,107.15106948204355,470.33925409302014,135.08378050897676
25.93383382238539,129.25592889347288,524.1321934916781,134.79948381314165
21.22308533823339,115.03282509819536,384.8985916380493,123.88587516503907
21.942410985040258,105.68744849796231,538.632331781156,164.6924834762757
17.96669451575889,130.03138277701424,479.55287790138783,129.16201635084022
20.38383376944548,18.90303121002289,675.547569831549,145.11306348086185
18.24157697191833,120.33625958592722,657.3019725214856,179.97312865313575
20.120633735113337,80.37772950617729,453.4194430881837,137.38595068132145
30.268208983039198,45.08101309430629,484.9162288433305,121.1594080254761
20.253005555840286,115.33607798574943,492.60524343916074,136.32587156881814
38.161910324186955,141.20975635488873,454.8340523840377,132.72146112120683
27.466589504404446,95.87654456116924,519.5024984028126,147.4311390941966
25.92418061847437,128.58623641608816,424.17179311124096,156.79308025774927
20.708211099093933,148.36834773965936,386.9384665062474,135.02588779234102
28.501549397044958,139.44743360752142,562.2711223900269,168.31643946694717
22.12181086881113,149.19893588114178,562.952958422181,171.63200099085418
25.610049073226808,122.26382473215676,419.56842403400077,133.28693672357457
37.800422691343975,102.26300916704778,589.53554307626,159.35607898843702
24.51970050137675,51.94102564308495,436.84222708346687,123.44340251708428
30.74636663142838,92.61812535610154,525.3165238037981,150.47954091442182
21.48411787437056,74.70260214051424,582.0344012612456,149.73585235092526
24.82505754751519,165.1282815249344,496.6387435296287,151.52510166438117
33.85400317817755,94.7234256270299,545.4740912141134,167.47392683936803
21.865164711061162,103.69614420353457,448.35703561124285,138.35986019217066
34.062242789984644,116.54456128121403,480.3533416571903,142.53594973712157
28.538759677277376,101.30807339117361,479.414056911966,150.56286177520337
22.18766612052866,150.8515312129226,425.3421653459761,136.44201710948428
28.162038695277605,81.32051914796644,482.3225836884218,127.12165690460272
29.86277224813365,105.83822365711728,345.13817011362534,108.11345606912421
28.10904981108598,77.72588242905854,450.8846252857895,109.83852916053756
17.148876400547717,60.39932466337883,471.5124506630329,125.71214953607614
21.364314120875658,81.64692727284144,474.382024750462,111.74119140899919
23.762406822242475,98.88889608854764,475.85025541292214,124.43348500761233
24.62783285449977,87.1209332644822,493.8235800139871,116.45903231860663
28.103360487753392,79.22737060378432,547.9441518086064,146.54802485882436
25.888505004666268,57.81047608984498,587.4517074132523,146.27453220921836
18.323278206449494,97.50683282113916,435.0234773151733,122.15142228073752
26.900989255029817,54.858388779069934,379.67991446108556,95.41821720674723
28.052928726419115,122.80167891068808,395.7955587756897,118.30374225718751
27.7989522396552,102.4731925880351,451.2797078805073,139.54107410780534
30.403903627773108,56.27345501605208,464.8078682183491,119.54004264528713
29.16961077274452,90.7237276885041,423.00039338025425,129.5655855843358
27.295900396142184,77.4353078322825,370.38833357501056,102.10372240151572
24.649171442706766,109.57523531257542,454.3879172525812,137.88536719335306
16.69519533242004,140.21351338069434,518.1426620113971,167.0729644558584
27.148091095662927,43.74482591062766,559.5029465835564,144.4597406416589
26.038438435815557,103.45078237442252,444.25769468916786,128.78185468590328
26.357894185976868,95.19601613300078,458.7002177856566,136.04978519357928
18.616257120898453,120.14020229351397,407.3301691152689,124.40957132625508
19.594717297958688,106.39589884713067,496.85608296252235,141.16614674257028
30.26576426666452,77.44092004783542,415.1571365809185,118.14047494238154
24.802224230716725,90.42838193000145,557.31278132412,149.3488309003289
28.40750348686312,76.11922429589532,321.4133508065889,103.4431227242597
25.141591880652307,132.28021415795794,464.03703275475374,135.12867974284478
25.148780697478728,100.63934946015827,530.1107339191742,138.62955370072189
29.691419029879988,157.0357205725902,518.3834516322504,151.747690474855
22.41977635891313,98.18017558556137,769.3033663980497,178.52190308969782
25.480603884704916,78.74779699268612,534.9800024567908,131.18781460931166
22.688623556474788,54.58856822161518,399.594540315799,109.23441537592305
22.82751886283842,45.90580971232165,490.4535752910927,114.34834224841542
23.454139382656802,52.475921709835305,322.37536665335483,97.08106417726093
26.110668858168566,108.0137995303445,491.94002507032394,144.19461678977805
22.606256891682612,115.26175069689802,416.6943942999241,109.53549038051499
31.278780627867604,52.564278939036,591.5390275560162,156.26623534906474
20.52696348890248,126.85114942228347,445.04597254044654,145.43600753514266
24.065641779193204,85.50816844949682,488.32340842047535,125.41132636019219
22.801344708629124,104.40379035956649,436.4442158595597,134.21256806304638
32.23488942176866,148.36661884766272,673.8851351853332,186.83947502815778
25.982773882557872,126.90517947596595,467.8757233882088,145.61478922919383
30.159222697343175,91.94408056282504,683.2557043479202,166.6689923175535
17.57219813481514,73.26423323754138,581.4151762118266,129.11733975568956
26.335251329346296,35.445537960120845,548.2066727335387,129.61444970328748
29.448153978117183,78.42540042272739,536.873314731752,144.38907059947886
25.41141994637712,93.66609283516917,539.3797298216251,144.7046868519183
30.327401875326757,70.38461418546449,307.23274206543897,85.88532802416492
22.41355774949814,96.06229098723085,472.1116605849243,130.44880766659182
32.0467372009279,102.30555648876305,584.5157971184321,166.31114249658665
36.49449061809625,93.25432054575765,495.11028165258944,144.79666750206795
23.185807197801704,80.49992257529621,359.4810153196425,109.46409374141034
22.77248739299614,105.05964015900183,494.75955494225303,135.15489472810688
32.2669223855885,113.25821948708227,670.4105516255491,195.91021651119036
32.89786072865356,67.28802767671462,624.689171553472,149.81143961248776
22.385699864233658,142.3279713923881,493.79959906339684,157.52676413337983
22.899065914520712,97.04235603147215,595.1449277058086,171.41013623746335
23.591076955697464,100.56548868834543,463.34929796319483,139.4441256044803
18.277747444828613,121.24643269769672,329.6128413173281,109.41012952454064
20.40674026757901,106.99648393790505,407.5534011870445,118.53002508594014
19.97929616623966,128.59409901739735,656.2888768508197,190.18652966896556
21.161012174479357,108.61372495605472,472.60069181706956,123.45501268485327
24.826575563066093,81.62687876078687,475.6616020624982,122.33242921847233
26.171073662682602,110.84510575618305,470.01618037251194,136.3667269777814
32.75250246407038,65.68821378038015,690.4136589573006,186.54198473272936
20.008229796306047,103.2567911732957,662.5958915362063,177.29800691779195
29.921611992382918,99.00310028066617,721.8780233448134,179.35688316425154
23.930055778872454,93.7564942818238,484.09547895999486,133.8079949121333
24.752681451737836,96.14387465683208,529.5624488747095,140.9887614568975
28.37409746083302,43.544528635070826,348.3357450579209,89.81966641018658
19.386389892188507,83.53825276777116,647.6934426118274,174.0822548843589
26.912048730920255,102.78534703423344,383.2220448732065,107.2186061577364
25.83226104106528,104.79569175992201,521.6775563762629,164.77815788110559
27.462256320040744,69.16974577222126,390.2697472367156,120.8182982408761
26.44584321953909,137.97123522594103,441.1133173261304,153.74557234881493
37.276500699554475,74.01475455356497,416.27375689503,119.46803297460013
21.81130007874342,129.0837160158021,439.2124739324182,135.97385243980492
22.345015224990913,112.81583085615054,446.08772968510215,119.90328466111393
21.88429736787618,80.6131807046859,445.1731205074923,118.9141029261743
22.222614404198726,153.25932677828536,583.3333911780308,178.69233194762265
21.81306436346741,64.19089504730559,389.513720693748,121.02717545248893
30.94508265553776,127.57462520830005,522.0541427013867,147.08418926251173
32.102521239949276,130.01746954128936,621.7959152305558,175.76062515861994
22.14626853125262,79.88139372770065,448.6803635486604,123.26063289134336
20.838222134478855,141.77395900192985,428.2081109252398,124.63502893094149
27.35707778193202,92.49860456203142,476.9475374819749,142.73112017355442
22.238884778595143,108.66080887839571,617.972520836071,160.0722859026044
28.164659088777555,107.80965516313663,519.4107630953358,148.3534752006267
26.0146151042565,95.97073775588356,446.8785705392402,126.6547492676226
17.42127942501384,124.32424819479346,548.387665118804,147.792062137509
32.737526006650306,123.80466161656639,389.77078501635765,131.39386863676103
33.97938836547761,47.544040802854575,568.1359510442948,142.7240008467739
21.93605654757807,139.13020728634459,540.8607307701768,157.16065779094112
23.061492200320078,50.12524035892977,469.2191528861116,113.12753256825786
26.429326953624525,130.97638613024972,416.14142015527693,138.93111005477215
26.672283949935125,133.8011541048275,411.3319077716543,152.27904244566952
28.29272136336415,67.27100709354406,553.481733634591,146.42288186505476
35.05102269383175,87.67557136136246,622.8980502489062,178.36897495421715
24.11526386252975,66.82885994542193,436.2692252971205,105.45791572278092
21.00851377730773,93.55236909133794,545.8386703551485,149.31531608002265
18.103403859927365,90.75897147442777,291.29729813979316,83.56516981053997
21.345349800290403,123.3898159680802,441.53822693428003,121.22801580210624
24.834365135631014,139.30926238358825,496.89410671290983,146.1950685508836
33.97278931758894,141.87051432369867,409.0316583018166,153.27287396040316
22.411943504819142,83.13495920265093,406.3493625210404,126.91649030410939
26.118939758194493,93.72334378766416,433.2220443531114,130.25092910656278
24.91788551963624,49.496854233371494,529.2192728326373,117.82484799745772
30.94196636724042,75.82389800511433,481.26709815936255,132.50876570314765
37.63466212936811,128.94554899292373,276.1768766675028,115.7533711850791
22.345656135398396,148.46748470644695,287.9299847364934,115.05443272271795
22.55280278740889,62.96953384360234,439.31348221428243,99.59202215483418
30.22080438534536,82.22607222541318,545.7686586053552,140.02877710116894
28.40945744813156,99.20782729123219,225.24951572747653,88.37620241544359
34.23353662868017,108.4048347645882,450.02698238483697,145.00652431585584
27.919640926629818,75.71189440235062,447.3752143482579,104.18715344267221
23.203539546064704,112.7218313339227,638.8337778208447,171.56383498257952
27.953274153461546,85.78481958787252,461.49781882871366,133.4421344176248
30.543517902914537,99.56643187365162,538.2988984740929,161.29758809353345
29.102410905986822,116.38852744011099,514.1257140087463,159.22148232915032
27.53637015553649,100.19266809432814,286.9433520192799,107.04036909801073
30.333373447945768,86.90842328420294,576.8207216631737,148.60395297484914
30.846477952228362,96.71170588222508,521.5396505456288,129.6646594786744
31.910794955187637,97.34911122383994,550.826863967459,151.3949760676236
28.243549437948214,88.89966910353617,892.6237706436327,229.33274783084713
24.164409598415727,92.23611811998693,291.5887060501411,112.00532672047649
25.733568432166614,147.9594151151415,672.4696649761108,198.85403276882576
31.032544832541785,116.82758343823716,471.25524805996446,149.10900528775227
20.91532164506382,91.13559045912518,528.7328904403009,147.3413125321893
26.843366544364507,120.90863213532207,495.4487754698758,143.22284053914623
23.033305938363196,89.9854153073197,457.5763666601956,128.72694795788044
25.143724114674086,135.19373912759923,443.0167071761241,158.42402048910492
31.392259313036494,111.08926576594281,532.950873557301,146.18750403984254
25.955495340099517,96.78093567987314,348.2826303328321,127.81634234767665
25.232182740780743,113.43150777430833,575.0579167521765,158.4368455081976
18.200719295100406,52.87371543794502,458.3805595114746,129.89290727217943
28.731267830136105,66.19697593270584,386.9930660959642,97.55518981909727
28.227420905705376,64.18224980802833,454.99871420041865,130.22717024699142
35.8162736165273,104.2882928429112,625.7149216862573,166.96990763891225
23.461108825234994,151.97544998455277,446.4664912983777,132.463815748417
26.095751638319694,166.93900438577896,535.845361820962,172.4839899231954
26.246918418553776,119.14153304322272,426.9043724284527,144.34151149389393
32.887266398817374,115.0253342483337,575.792184992362,157.66025608644622
24.523522338065238,45.96826797541783,568.5507738790204,124.77223673287806
26.395107628851697,83.71978600797935,684.8608833296412,174.36721863939835
28.039482548582697,76.36648744275283,482.44360545007845,132.54405530936108
25.93304561578179,81.37457205246652,566.8654804757907,156.235186794334
22.767831927247357,94.95568544245631,509.80675395389443,151.32791810078436
25.97044996449154,85.83728266908618,629.5871781863015,164.05969360750697
30.36815874929886,40.62100568872637,428.11676123912696,131.54876647703537
19.8674235029447,122.43730768352602,574.5005312877281,163.8073577594287
25.66484837073438,67.8177092278058,480.5302703883318,125.8195259713063
21.499395925304135,107.17740592333449,493.5811822891502,125.5034826064542
30.975233144624212,162.2224800924992,509.1752484448373,163.36281508586762
17.384065476081126,72.4184622524073,525.2240396426678,132.09850988818496
22.205390763642058,24.091374317610104,488.37709568780417,125.6085747774796
26.886059375322603,91.41987334359668,521.4713183170527,149.7880915948194
32.827620146171704,133.02878904995714,657.8118057562185,176.09111672299053
24.67124869463506,158.75042362661782,598.5449685615218,181.39228901171762
22.22400236653401,63.1135121664275,586.9154592496897,154.14445840042373
34.40578534720295,114.90097669709564,454.4460473976129,157.8427087561311
17.75993049791878,86.0406862965984,411.0759171771676,125.78239424751303
14.005970216899591,96.82154937087593,595.5300558237752,162.7639276275824
27.20007225026666,179.33030041051103,587.6046792529794,185.52092204503415
22.489728878236946,54.910890148145405,647.2670675750982,161.05466505281623
19.893835914346433,107.6121898448372,439.60193740307705,142.64601139830137
28.541782236496765,114.030795152963,477.04513446396527,130.56138258213386
26.219003568855996,132.5735897481804,336.05158374745656,116.59750218620387
22.179606846316357,102.93949460412686,460.7528893939127,126.39654219561636
18.59847800664553,109.24151618512307,599.6570510579447,165.79463525770987
29.362286641400722,88.25054297734627,453.3504620771802,144.1286203858482
28.251005889793305,108.07380823735322,564.0479795200824,153.38749845290837
24.504120681103085,89.70423173507768,480.94968940021886,111.45022406642425
34.23318498023833,118.64715669568153,532.4057028221561,155.06967261301014
19.649576168369236,88.91168991869098,385.2308610184333,122.67920458365265
17.372374145376305,111.31301181706559,508.5209449633901,149.16057863998464
21.540459650593778,99.12211558945064,200.88640290992765,84.96600756222338
24.77206991822251,133.78150752316503,481.3103841838015,145.98263103407626
26.21669724661346,98.45818829234541,336.95267562848596,97.2460328745097
23.79381971071835,46.80902595379356,620.5994516546816,155.21245118867824
26.760276982571483,137.85764502141976,577.7407352764511,161.94276095265565
18.74230287904778,72.82803097412143,546.6670981966081,162.3939477048865
32.2188230203663,80.3870098405354,652.100622715938,176.35071108907653
24.589244108037157,82.13016117869523,405.10834791751626,112.1488569655909
30.586479157940637,141.23314279512454,674.7363197915558,186.49659390193258
26.71362673188852,35.929773580639136,593.2191564260385,141.8501346592078
27.283766095768918,194.1324560097998,476.3444712781054,164.75549488622798
27.84883640116102,131.68170427198154,613.5620147182944,187.3096701811334
27.238542800086574,106.69716742387479,389.3706487588366,125.36671307641352
28.21361379933772,98.3531799815114,417.54858384723263,119.80616027448353
31.645762650662157,108.5666222457297,439.14102767603,155.12548038581383
25.98260584850735,115.63367285138015,447.1022291935985,137.59493393358963
28.54501878794256,119.35646757850171,394.34423572397475,136.63669357200573
24.551321528563868,116.66813398010345,622.3083067095325,165.65549722577185
32.200586077247365,102.68742043765747,474.11455996301686,145.36058743996952
21.61803848970365,94.07984739078022,535.250496835688,149.19417274065543
34.004702164554075,95.46180149039465,442.96486335863193,115.33737128016031
24.799210246778284,94.15275158941957,317.9396699451483,124.38611569385108
17.84612448940976,134.01310290601194,527.0057358391422,167.43458489356237
25.640522074553946,117.80670166842586,308.7745024580223,105.94521886794931
21.594741712625595,11.788340960071594,493.1365953914531,101.93849481806635
29.203217744943622,119.67702329589284,363.168496116719,126.61403122261898
21.736880103488044,105.84208584156325,698.7275999230808,183.2335627829731
22.769082833926102,99.43873730662308,591.1362722174722,163.00010653807672
15.552296345272346,88.34444640733342,510.57537912714804,138.3103318822067
22.738468403754617,133.72338159958042,626.3706677654668,181.82279212790405
12.880603366855217,128.42579386368573,415.36840225342644,142.5147772871367
17.080485882571384,76.81366996529172,554.3479378670093,148.1349635555615
28.802073280721487,112.21156861373605,519.9810433718714,141.56416090975642
28.92900079325416,70.85029796376142,526.402008133367,154.62561993955342
27.127287808924823,58.61145505633208,627.2353500106768,173.0002960583803
20.165119284353935,81.19848326230104,573.2492102779802,180.61251402158416
24.7614432192901,125.87180417148276,528.8723662825023,144.68179578519437
24.981987304547157,128.5937513612826,334.5112563771704,120.4001904675952
19.208176554037287,115.39256260291879,403.99537047205365,104.19994412041515
32.51699150883575,121.75287360543992,487.7291066404276,155.86167072792745
29.386811452878355,115.48534861344875,509.3372374276651,145.72445481433908
23.89517913085168,80.75555214331143,386.97962753260765,132.80463866319033
25.134429194972654,112.95767634021821,741.1676675578422,186.9419013109344
26.04191403973776,124.01228575683047,651.6394055253572,163.66069347231684
14.791325657878547,122.62873989440723,560.2118320392483,151.51401379808593
23.764113087397014,135.66740114423928,507.2036861283745,134.26813640047382
21.590078760011007,121.24911541603191,478.7791030098848,150.43658915186512
19.991899950525422,110.54344622624748,404.80815399777646,103.46978418012904
23.594498535570224,132.10450714949283,507.74805185188626,153.2627875948418
33.988432634247616,99.2043622225282,525.7752540142751,131.13245758817533
28.20421430633505,73.54376046316847,375.8239424518376,108.12704573711915
22.144105051086015,95.10799108168709,533.4176417244897,162.7217597529924
27.862913906780793,77.65292065580653,484.4740951175251,137.72863108799532
